{
  "properties": {
    "connectionReferences": {
      "shared_office365": {
        "runtimeSource": "invoker",
        "connection": {
          "connectionReferenceLogicalName": "mtz_sharedoffice365_78b33"
        },
        "api": {
          "name": "shared_office365"
        }
      }
    },
    "definition": {
      "$schema": "https://schema.management.azure.com/providers/Microsoft.Logic/schemas/2016-06-01/workflowdefinition.json#",
      "contentVersion": "1.0.0.0",
      "parameters": {
        "$connections": {
          "defaultValue": {},
          "type": "Object"
        },
        "$authentication": {
          "defaultValue": {},
          "type": "SecureObject"
        }
      },
      "triggers": {
        "manual": {
          "metadata": {
            "operationMetadataId": "0c644a43-63f8-4826-a9fc-007d65581826"
          },
          "type": "Request",
          "kind": "PowerApp",
          "inputs": {
            "schema": {
              "type": "object",
              "properties": {
                "Enviarume-mail(V2)_Para": {
                  "type": "string",
                  "format": "email",
                  "description": "Especificar endereços de e-mail separados por ponto e vírgula como alguém@contoso.com",
                  "x-ms-powerflows-param-ispartial": false
                },
                "Enviarume-mail(V2)_Corpo": {
                  "type": "string",
                  "format": "html",
                  "description": "Especificar o corpo da mensagem. Este parâmetro é utilizado como parte de \"66A2747D-F0BE-4C50-AE38-BDBDCCF5F556\"",
                  "x-ms-powerflows-param-ispartial": true
                },
                "Enviarume-mail(V2)_Corpo_1": {
                  "type": "string"
                }
              },
              "required": [
                "Enviarume-mail(V2)_Para",
                "Enviarume-mail(V2)_Corpo",
                "Enviarume-mail(V2)_Corpo_1"
              ]
            }
          }
        }
      },
      "actions": {
        "Enviar_um_e-mail_(V2)": {
          "runAfter": {},
          "metadata": {
            "operationMetadataId": "5c4689a4-c5b9-4132-a137-26404f5f16df"
          },
          "type": "OpenApiConnection",
          "inputs": {
            "host": {
              "connectionName": "shared_office365",
              "operationId": "SendEmailV2",
              "apiId": "/providers/Microsoft.PowerApps/apis/shared_office365"
            },
            "parameters": {
              "emailMessage/To": "@triggerBody()['Enviarume-mail(V2)_Para']",
              "emailMessage/Subject": "Novo Curso Habilitado",
              "emailMessage/Body": "<p>Olá, @{triggerBody()['Enviarume-mail(V2)_Corpo']}.<br>\nO Curso: @{triggerBody()['Enviarume-mail(V2)_Corpo_1']} foi habilitado para que você seja um instrutor.<br>\n<br>\nBoa sorte e bom trabalho!</p>",
              "emailMessage/Importance": "Normal"
            },
            "authentication": {
              "type": "Raw",
              "value": "@json(decodeBase64(triggerOutputs().headers['X-MS-APIM-Tokens']))['$ConnectionKey']"
            }
          }
        }
      }
    },
    "templateName": null
  },
  "schemaVersion": "1.0.0.0"
}